url,title,filepath,chunks
https://outerspace.stsci.edu/spaces/MASTDOCS/overview,MAST Document,scraped_docs/spaces/MASTDOCS/overview.md,11
https://outerspace.stsci.edu/spaces/MASTDOCS/pages/94963058/Archive+Support,MAST Document,scraped_docs/spaces/MASTDOCS/pages/94963058/Archive_Support.md,9
https://outerspace.stsci.edu/spaces/MASTDOCS/pages/286852358/MAST+Pro+Tips,MAST Document,scraped_docs/spaces/MASTDOCS/pages/286852358/MAST_Pro_Tips.md,1
https://outerspace.stsci.edu/spaces/MASTDOCS/pages/94962825/Portal+Guide,MAST Document,scraped_docs/spaces/MASTDOCS/pages/94962825/Portal_Guide.md,9
https://outerspace.stsci.edu/spaces/MASTDOCS/pages/113771318/JWST+Archive+Manual,MAST Document,scraped_docs/spaces/MASTDOCS/pages/113771318/JWST_Archive_Manual.md,9
https://outerspace.stsci.edu/spaces/MASTDOCS/pages/104958260/Mission+Search+Guide,MAST Document,scraped_docs/spaces/MASTDOCS/pages/104958260/Mission_Search_Guide.md,13
https://outerspace.stsci.edu/spaces/MASTDOCS/pages/97290399/HLSP+Contributor+Guide,MAST Document,scraped_docs/spaces/MASTDOCS/pages/97290399/HLSP_Contributor_Guide.md,7
https://outerspace.stsci.edu/spaces/MASTDOCS/pages/150113039/Jdaviz+Guide,MAST Document,scraped_docs/spaces/MASTDOCS/pages/150113039/Jdaviz_Guide.md,9
https://outerspace.stsci.edu/spaces/MASTDOCS/pages/183797522/Cloud+Services+Manual,MAST Document,scraped_docs/spaces/MASTDOCS/pages/183797522/Cloud_Services_Manual.md,11
https://outerspace.stsci.edu/spaces/MASTDOCS/pages/282168331/CaSSI+Manual,MAST Document,scraped_docs/spaces/MASTDOCS/pages/282168331/CaSSI_Manual.md,13
https://outerspace.stsci.edu/spaces/MASTDOCS/pages/158172245/HST+Classic+Migration+Manual,MAST Document,scraped_docs/spaces/MASTDOCS/pages/158172245/HST_Classic_Migration_Manual.md,2
https://outerspace.stsci.edu/spaces/MASTDOCS/pages/136481910/MAST+Accounts,MAST Document,scraped_docs/spaces/MASTDOCS/pages/136481910/MAST_Accounts.md,17
https://outerspace.stsci.edu/spaces/MASTDOCS/pages/232358851/FAQ,MAST Document,scraped_docs/spaces/MASTDOCS/pages/232358851/FAQ.md,23
https://outerspace.stsci.edu/spaces/MASTDOCS/pages/102531200/Acronym+List,MAST Document,scraped_docs/spaces/MASTDOCS/pages/102531200/Acronym_List.md,2
https://outerspace.stsci.edu/spaces/MASTDOCS/pages/298813886/Searching+for+Named+Sources,MAST Document,scraped_docs/spaces/MASTDOCS/pages/298813886/Searching_for_Named_Sources.md,25
https://outerspace.stsci.edu/spaces/MASTDOCS/pages/286852359/Finding+Solar+System+Bodies+in+MAST,MAST Document,scraped_docs/spaces/MASTDOCS/pages/286852359/Finding_Solar_System_Bodies_in_MAST.md,17
https://outerspace.stsci.edu/spaces/MASTDOCS/pages/286852365/High+PM+Stars+in+MAST,MAST Document,scraped_docs/spaces/MASTDOCS/pages/286852365/High_PM_Stars_in_MAST.md,23
https://outerspace.stsci.edu/spaces/MASTDOCS/pages/94962826/Introduction+to+the+Portal,MAST Document,scraped_docs/spaces/MASTDOCS/pages/94962826/Introduction_to_the_Portal.md,13
https://outerspace.stsci.edu/spaces/MASTDOCS/pages/94962827/Field+Guide+to+the+Portal,MAST Document,scraped_docs/spaces/MASTDOCS/pages/94962827/Field_Guide_to_the_Portal.md,23
https://outerspace.stsci.edu/spaces/MASTDOCS/pages/94962855/Data+Holdings,MAST Document,scraped_docs/spaces/MASTDOCS/pages/94962855/Data_Holdings.md,17
https://outerspace.stsci.edu/spaces/MASTDOCS/pages/94962856/MAST+User+Accounts,MAST Document,scraped_docs/spaces/MASTDOCS/pages/94962856/MAST_User_Accounts.md,17
https://outerspace.stsci.edu/spaces/MASTDOCS/pages/94962868/Program+Subscriptions+and+Notifications,MAST Document,scraped_docs/spaces/MASTDOCS/pages/94962868/Program_Subscriptions_and_Notifications.md,11
https://outerspace.stsci.edu/spaces/MASTDOCS/pages/94962884/Beyond+the+Portal,MAST Document,scraped_docs/spaces/MASTDOCS/pages/94962884/Beyond_the_Portal.md,21
https://outerspace.stsci.edu/spaces/MASTDOCS/pages/94962885/Searching,MAST Document,scraped_docs/spaces/MASTDOCS/pages/94962885/Searching.md,2
https://outerspace.stsci.edu/spaces/MASTDOCS/pages/94962886/Basic+Search,MAST Document,scraped_docs/spaces/MASTDOCS/pages/94962886/Basic_Search.md,17
https://outerspace.stsci.edu/spaces/MASTDOCS/pages/94962889/Advanced+Search,MAST Document,scraped_docs/spaces/MASTDOCS/pages/94962889/Advanced_Search.md,21
https://outerspace.stsci.edu/spaces/MASTDOCS/pages/94962901/Catalog+Search,MAST Document,scraped_docs/spaces/MASTDOCS/pages/94962901/Catalog_Search.md,13
https://outerspace.stsci.edu/spaces/MASTDOCS/pages/94962910/Search+a+List+of+Targets,MAST Document,scraped_docs/spaces/MASTDOCS/pages/94962910/Search_a_List_of_Targets.md,5
https://outerspace.stsci.edu/spaces/MASTDOCS/pages/94962917/Special+Searches,MAST Document,scraped_docs/spaces/MASTDOCS/pages/94962917/Special_Searches.md,9
https://outerspace.stsci.edu/spaces/MASTDOCS/pages/94962939/Browsing+Data,MAST Document,scraped_docs/spaces/MASTDOCS/pages/94962939/Browsing_Data.md,2
https://outerspace.stsci.edu/spaces/MASTDOCS/pages/94962944/Search+Results+Grid,MAST Document,scraped_docs/spaces/MASTDOCS/pages/94962944/Search_Results_Grid.md,17
https://outerspace.stsci.edu/spaces/MASTDOCS/pages/94962980/Data+Browsing+Tools,MAST Document,scraped_docs/spaces/MASTDOCS/pages/94962980/Data_Browsing_Tools.md,11
https://outerspace.stsci.edu/spaces/MASTDOCS/pages/94963010/Retrieving+Data,MAST Document,scraped_docs/spaces/MASTDOCS/pages/94963010/Retrieving_Data.md,2
https://outerspace.stsci.edu/spaces/MASTDOCS/pages/94963013/One-Click+Download,MAST Document,scraped_docs/spaces/MASTDOCS/pages/94963013/One-Click_Download.md,9
https://outerspace.stsci.edu/spaces/MASTDOCS/pages/94963019/Download+Basket,MAST Document,scraped_docs/spaces/MASTDOCS/pages/94963019/Download_Basket.md,19
https://outerspace.stsci.edu/spaces/MASTDOCS/pages/94963040/Retrieval+Methods,MAST Document,scraped_docs/spaces/MASTDOCS/pages/94963040/Retrieval_Methods.md,10
https://outerspace.stsci.edu/spaces/MASTDOCS/pages/94963052/The+Download+Bundle,MAST Document,scraped_docs/spaces/MASTDOCS/pages/94963052/The_Download_Bundle.md,11
https://outerspace.stsci.edu/spaces/MASTDOCS/pages/94963055/Tips+and+Notes,MAST Document,scraped_docs/spaces/MASTDOCS/pages/94963055/Tips_and_Notes.md,11
https://outerspace.stsci.edu/spaces/MASTDOCS/pages/94963057/Demos+and+Tutorials,MAST Document,scraped_docs/spaces/MASTDOCS/pages/94963057/Demos_and_Tutorials.md,29
https://outerspace.stsci.edu/spaces/MASTDOCS/pages/113771319/Quick+Start+Guide,MAST Document,scraped_docs/spaces/MASTDOCS/pages/113771319/Quick_Start_Guide.md,31
https://outerspace.stsci.edu/spaces/MASTDOCS/pages/153686810/MAST+Primer+for+JWST,MAST Document,scraped_docs/spaces/MASTDOCS/pages/153686810/MAST_Primer_for_JWST.md,17
https://outerspace.stsci.edu/spaces/MASTDOCS/pages/176432244/Updates+to+JWST+Data,MAST Document,scraped_docs/spaces/MASTDOCS/pages/176432244/Updates_to_JWST_Data.md,14
https://outerspace.stsci.edu/spaces/MASTDOCS/pages/176435458/JWST+Instrument+Names,MAST Document,scraped_docs/spaces/MASTDOCS/pages/176435458/JWST_Instrument_Names.md,10
https://outerspace.stsci.edu/spaces/MASTDOCS/pages/150112931/JWST+Acronyms,MAST Document,scraped_docs/spaces/MASTDOCS/pages/150112931/JWST_Acronyms.md,4
https://outerspace.stsci.edu/spaces/MASTDOCS/pages/113771321/Field+Guide+to+JWST+Data,MAST Document,scraped_docs/spaces/MASTDOCS/pages/113771321/Field_Guide_to_JWST_Data.md,5
https://outerspace.stsci.edu/spaces/MASTDOCS/pages/113771322/Science+Data+Products,MAST Document,scraped_docs/spaces/MASTDOCS/pages/113771322/Science_Data_Products.md,11
https://outerspace.stsci.edu/spaces/MASTDOCS/pages/113771323/Supplemental+Products,MAST Document,scraped_docs/spaces/MASTDOCS/pages/113771323/Supplemental_Products.md,13
https://outerspace.stsci.edu/spaces/MASTDOCS/pages/117833935/Data+Product+File+Formats,MAST Document,scraped_docs/spaces/MASTDOCS/pages/117833935/Data_Product_File_Formats.md,4
https://outerspace.stsci.edu/spaces/MASTDOCS/pages/113771324/Data+Product+Linkages,MAST Document,scraped_docs/spaces/MASTDOCS/pages/113771324/Data_Product_Linkages.md,29
https://outerspace.stsci.edu/spaces/MASTDOCS/pages/113771333/Keyword+Metadata,MAST Document,scraped_docs/spaces/MASTDOCS/pages/113771333/Keyword_Metadata.md,9
https://outerspace.stsci.edu/spaces/MASTDOCS/pages/113771335/Engineering+Data,MAST Document,scraped_docs/spaces/MASTDOCS/pages/113771335/Engineering_Data.md,7
https://outerspace.stsci.edu/spaces/MASTDOCS/pages/113771352/Tutorials,MAST Document,scraped_docs/spaces/MASTDOCS/pages/113771352/Tutorials.md,1
https://outerspace.stsci.edu/spaces/MASTDOCS/pages/113771353/Using+the+MAST+Portal,MAST Document,scraped_docs/spaces/MASTDOCS/pages/113771353/Using_the_MAST_Portal.md,2
https://outerspace.stsci.edu/spaces/MASTDOCS/pages/113771415/Using+the+Engineering+Data+Portal,MAST Document,scraped_docs/spaces/MASTDOCS/pages/113771415/Using_the_Engineering_Data_Portal.md,21
https://outerspace.stsci.edu/spaces/MASTDOCS/pages/113771434/Using+MAST+APIs,MAST Document,scraped_docs/spaces/MASTDOCS/pages/113771434/Using_MAST_APIs.md,11
https://outerspace.stsci.edu/spaces/MASTDOCS/pages/261164035/Duplication+Checking+for+Proposals,MAST Document,scraped_docs/spaces/MASTDOCS/pages/261164035/Duplication_Checking_for_Proposals.md,23
https://outerspace.stsci.edu/spaces/MASTDOCS/pages/113771441/Special+Topics,MAST Document,scraped_docs/spaces/MASTDOCS/pages/113771441/Special_Topics.md,13
https://outerspace.stsci.edu/spaces/MASTDOCS/pages/339050892/JWST+Commissioning+Data+Highlights,MAST Document,scraped_docs/spaces/MASTDOCS/pages/339050892/JWST_Commissioning_Data_Highlights.md,7
https://outerspace.stsci.edu/spaces/MASTDOCS/pages/104958261/Search+Form+Overview,MAST Document,scraped_docs/spaces/MASTDOCS/pages/104958261/Search_Form_Overview.md,35
https://outerspace.stsci.edu/spaces/MASTDOCS/pages/217350249/Mission+Search+Caveats,MAST Document,scraped_docs/spaces/MASTDOCS/pages/217350249/Mission_Search_Caveats.md,9
https://outerspace.stsci.edu/spaces/MASTDOCS/pages/104958262/Components,MAST Document,scraped_docs/spaces/MASTDOCS/pages/104958262/Components.md,1
https://outerspace.stsci.edu/spaces/MASTDOCS/pages/104958263/Cone+Search+And+Upload+List+Search,MAST Document,scraped_docs/spaces/MASTDOCS/pages/104958263/Cone_Search_And_Upload_List_Search.md,7
https://outerspace.stsci.edu/spaces/MASTDOCS/pages/127765614/Target+Name+Search+And+Upload+List+Search,MAST Document,scraped_docs/spaces/MASTDOCS/pages/127765614/Target_Name_Search_And_Upload_List_Search.md,13
https://outerspace.stsci.edu/spaces/MASTDOCS/pages/104958264/Search+Parameter+Overview,MAST Document,scraped_docs/spaces/MASTDOCS/pages/104958264/Search_Parameter_Overview.md,9
https://outerspace.stsci.edu/spaces/MASTDOCS/pages/104958265/Additional+Search+Parameters,MAST Document,scraped_docs/spaces/MASTDOCS/pages/104958265/Additional_Search_Parameters.md,11
https://outerspace.stsci.edu/spaces/MASTDOCS/pages/104958266/Choose+Output+Columns,MAST Document,scraped_docs/spaces/MASTDOCS/pages/104958266/Choose_Output_Columns.md,7
https://outerspace.stsci.edu/spaces/MASTDOCS/pages/104958267/The+Search+Bar,MAST Document,scraped_docs/spaces/MASTDOCS/pages/104958267/The_Search_Bar.md,7
https://outerspace.stsci.edu/spaces/MASTDOCS/pages/107840287/Search+Results+Page,MAST Document,scraped_docs/spaces/MASTDOCS/pages/107840287/Search_Results_Page.md,19
https://outerspace.stsci.edu/spaces/MASTDOCS/pages/352354485/Image+Previews,MAST Document,scraped_docs/spaces/MASTDOCS/pages/352354485/Image_Previews.md,17
https://outerspace.stsci.edu/spaces/MASTDOCS/pages/107840400/Download+Overlay,MAST Document,scraped_docs/spaces/MASTDOCS/pages/107840400/Download_Overlay.md,35
https://outerspace.stsci.edu/spaces/MASTDOCS/pages/97290401/About+HLSPs,MAST Document,scraped_docs/spaces/MASTDOCS/pages/97290401/About_HLSPs.md,7
https://outerspace.stsci.edu/spaces/MASTDOCS/pages/218367490/HLSP+Search+Guide,MAST Document,scraped_docs/spaces/MASTDOCS/pages/218367490/HLSP_Search_Guide.md,11
https://outerspace.stsci.edu/spaces/MASTDOCS/pages/97290402/HLSP+How-To+Guide,MAST Document,scraped_docs/spaces/MASTDOCS/pages/97290402/HLSP_How-To_Guide.md,9
https://outerspace.stsci.edu/spaces/MASTDOCS/pages/214205149/Publication+Timeline,MAST Document,scraped_docs/spaces/MASTDOCS/pages/214205149/Publication_Timeline.md,29
https://outerspace.stsci.edu/spaces/MASTDOCS/pages/97290403/Required+Contents,MAST Document,scraped_docs/spaces/MASTDOCS/pages/97290403/Required_Contents.md,1
https://outerspace.stsci.edu/spaces/MASTDOCS/pages/97290404/Collection+Contents,MAST Document,scraped_docs/spaces/MASTDOCS/pages/97290404/Collection_Contents.md,9
https://outerspace.stsci.edu/spaces/MASTDOCS/pages/97290405/File+Types+Formats+and+Content,MAST Document,scraped_docs/spaces/MASTDOCS/pages/97290405/File_Types_Formats_and_Content.md,15
https://outerspace.stsci.edu/spaces/MASTDOCS/pages/246975891/Organizing+the+Collection,MAST Document,scraped_docs/spaces/MASTDOCS/pages/246975891/Organizing_the_Collection.md,25
https://outerspace.stsci.edu/spaces/MASTDOCS/pages/97290407/File+Naming+Convention,MAST Document,scraped_docs/spaces/MASTDOCS/pages/97290407/File_Naming_Convention.md,15
https://outerspace.stsci.edu/spaces/MASTDOCS/pages/97290408/Example+HLSP+README,MAST Document,scraped_docs/spaces/MASTDOCS/pages/97290408/Example_HLSP_README.md,16
https://outerspace.stsci.edu/spaces/MASTDOCS/pages/97290409/Required+Metadata,MAST Document,scraped_docs/spaces/MASTDOCS/pages/97290409/Required_Metadata.md,1
https://outerspace.stsci.edu/spaces/MASTDOCS/pages/97290410/Common+Metadata,MAST Document,scraped_docs/spaces/MASTDOCS/pages/97290410/Common_Metadata.md,9
https://outerspace.stsci.edu/spaces/MASTDOCS/pages/97290411/Image+Metadata,MAST Document,scraped_docs/spaces/MASTDOCS/pages/97290411/Image_Metadata.md,4
https://outerspace.stsci.edu/spaces/MASTDOCS/pages/97290412/Spectral+Metadata,MAST Document,scraped_docs/spaces/MASTDOCS/pages/97290412/Spectral_Metadata.md,7
https://outerspace.stsci.edu/spaces/MASTDOCS/pages/97290413/Catalog+Metadata,MAST Document,scraped_docs/spaces/MASTDOCS/pages/97290413/Catalog_Metadata.md,4
https://outerspace.stsci.edu/spaces/MASTDOCS/pages/97290414/Light-curve+Metadata,MAST Document,scraped_docs/spaces/MASTDOCS/pages/97290414/Light-curve_Metadata.md,4
https://outerspace.stsci.edu/spaces/MASTDOCS/pages/97290415/Provenance+Metadata,MAST Document,scraped_docs/spaces/MASTDOCS/pages/97290415/Provenance_Metadata.md,11
https://outerspace.stsci.edu/spaces/MASTDOCS/pages/97290416/Contribution+Request+Form,MAST Document,scraped_docs/spaces/MASTDOCS/pages/97290416/Contribution_Request_Form.md,1
https://outerspace.stsci.edu/spaces/MASTDOCS/pages/150113048/Jdaviz+in+the+MAST+Portal,MAST Document,scraped_docs/spaces/MASTDOCS/pages/150113048/Jdaviz_in_the_MAST_Portal.md,5
https://outerspace.stsci.edu/spaces/MASTDOCS/pages/150113061/Searching+for+Compatible+Data,MAST Document,scraped_docs/spaces/MASTDOCS/pages/150113061/Searching_for_Compatible_Data.md,11
https://outerspace.stsci.edu/spaces/MASTDOCS/pages/150113072/Interface+Field+Guide,MAST Document,scraped_docs/spaces/MASTDOCS/pages/150113072/Interface_Field_Guide.md,13
https://outerspace.stsci.edu/spaces/MASTDOCS/pages/150113084/Viewing+Spectra,MAST Document,scraped_docs/spaces/MASTDOCS/pages/150113084/Viewing_Spectra.md,19
https://outerspace.stsci.edu/spaces/MASTDOCS/pages/150113110/Finding+Associated+Data+Products,MAST Document,scraped_docs/spaces/MASTDOCS/pages/150113110/Finding_Associated_Data_Products.md,9
https://outerspace.stsci.edu/spaces/MASTDOCS/pages/382632830/Supported+Products,MAST Document,scraped_docs/spaces/MASTDOCS/pages/382632830/Supported_Products.md,13
https://outerspace.stsci.edu/spaces/MASTDOCS/pages/150113132/Jdaviz+at+home+Application,MAST Document,scraped_docs/spaces/MASTDOCS/pages/150113132/Jdaviz_at_home_Application.md,9
https://outerspace.stsci.edu/spaces/MASTDOCS/pages/150113134/Jdaviz+at+home+Jupyter+Notebooks,MAST Document,scraped_docs/spaces/MASTDOCS/pages/150113134/Jdaviz_at_home_Jupyter_Notebooks.md,7
https://outerspace.stsci.edu/spaces/MASTDOCS/pages/150113138/Guided+examples,MAST Document,scraped_docs/spaces/MASTDOCS/pages/150113138/Guided_examples.md,1
https://outerspace.stsci.edu/spaces/MASTDOCS/pages/150113139/Redshift,MAST Document,scraped_docs/spaces/MASTDOCS/pages/150113139/Redshift.md,9
https://outerspace.stsci.edu/spaces/MASTDOCS/pages/183797523/Cloud+Science+Platforms,MAST Document,scraped_docs/spaces/MASTDOCS/pages/183797523/Cloud_Science_Platforms.md,13
https://outerspace.stsci.edu/spaces/MASTDOCS/pages/183797526/Getting+Started,MAST Document,scraped_docs/spaces/MASTDOCS/pages/183797526/Getting_Started.md,23
https://outerspace.stsci.edu/spaces/MASTDOCS/pages/196444964/Managing+Software,MAST Document,scraped_docs/spaces/MASTDOCS/pages/196444964/Managing_Software.md,15
https://outerspace.stsci.edu/spaces/MASTDOCS/pages/183797542/Active+Platforms,MAST Document,scraped_docs/spaces/MASTDOCS/pages/183797542/Active_Platforms.md,1
https://outerspace.stsci.edu/spaces/MASTDOCS/pages/183797545/Public+AWS+Data,MAST Document,scraped_docs/spaces/MASTDOCS/pages/183797545/Public_AWS_Data.md,13
https://outerspace.stsci.edu/spaces/MASTDOCS/pages/333677644/JWST+Mission+Products,MAST Document,scraped_docs/spaces/MASTDOCS/pages/333677644/JWST_Mission_Products.md,9
https://outerspace.stsci.edu/spaces/MASTDOCS/pages/333677647/JWST+Supplemental+Products,MAST Document,scraped_docs/spaces/MASTDOCS/pages/333677647/JWST_Supplemental_Products.md,9
https://outerspace.stsci.edu/spaces/MASTDOCS/pages/282168347/Roman+Mission+Products,MAST Document,scraped_docs/spaces/MASTDOCS/pages/282168347/Roman_Mission_Products.md,11
https://outerspace.stsci.edu/spaces/MASTDOCS/pages/282168349/RITA,MAST Document,scraped_docs/spaces/MASTDOCS/pages/282168349/RITA.md,31
https://outerspace.stsci.edu/spaces/MASTDOCS/pages/333678054/RomanCal+Refererence+Products,MAST Document,scraped_docs/spaces/MASTDOCS/pages/333678054/RomanCal_Refererence_Products.md,13
https://outerspace.stsci.edu/spaces/MASTDOCS/pages/333677656/Roman+Supplemental+Products,MAST Document,scraped_docs/spaces/MASTDOCS/pages/333677656/Roman_Supplemental_Products.md,15
https://outerspace.stsci.edu/spaces/MASTDOCS/pages/158172246/HST+Basic+Search,MAST Document,scraped_docs/spaces/MASTDOCS/pages/158172246/HST_Basic_Search.md,21
https://outerspace.stsci.edu/spaces/MASTDOCS/pages/168693279/Time-Tag+Search,MAST Document,scraped_docs/spaces/MASTDOCS/pages/168693279/Time-Tag_Search.md,7
https://outerspace.stsci.edu/spaces/MASTDOCS/pages/158172268/New+Features,MAST Document,scraped_docs/spaces/MASTDOCS/pages/158172268/New_Features.md,7
https://outerspace.stsci.edu/spaces/MASTDOCS/pages/94962998/AstroView,MAST Document,scraped_docs/spaces/MASTDOCS/pages/94962998/AstroView.md,13
https://outerspace.stsci.edu/spaces/MASTDOCS/pages/94962974/Refining+Results+with+Filters,MAST Document,scraped_docs/spaces/MASTDOCS/pages/94962974/Refining_Results_with_Filters.md,11
https://outerspace.stsci.edu/spaces/MASTDOCS/pages/113771354/Data+Search,MAST Document,scraped_docs/spaces/MASTDOCS/pages/113771354/Data_Search.md,17
https://outerspace.stsci.edu/spaces/MASTDOCS/pages/131859421/Minimum+Recommended+Products,MAST Document,scraped_docs/spaces/MASTDOCS/pages/131859421/Minimum_Recommended_Products.md,9
https://outerspace.stsci.edu/spaces/MASTDOCS/pages/94963034/Calibration+Reference+Files,MAST Document,scraped_docs/spaces/MASTDOCS/pages/94963034/Calibration_Reference_Files.md,5
https://outerspace.stsci.edu/spaces/MASTDOCS/pages/113771325/Linkages+in+the+Portal,MAST Document,scraped_docs/spaces/MASTDOCS/pages/113771325/Linkages_in_the_Portal.md,7
https://outerspace.stsci.edu/spaces/MASTDOCS/pages/113771401/Data+Visualization,MAST Document,scraped_docs/spaces/MASTDOCS/pages/113771401/Data_Visualization.md,5
https://outerspace.stsci.edu/spaces/MASTDOCS/pages/113771408/Data+Selection,MAST Document,scraped_docs/spaces/MASTDOCS/pages/113771408/Data_Selection.md,11
https://outerspace.stsci.edu/spaces/MASTDOCS/pages/113771412/Data+Retrieval,MAST Document,scraped_docs/spaces/MASTDOCS/pages/113771412/Data_Retrieval.md,17
https://outerspace.stsci.edu/spaces/MASTDOCS/pages/153686876/API+Advanced+Search,MAST Document,scraped_docs/spaces/MASTDOCS/pages/153686876/API_Advanced_Search.md,23
https://outerspace.stsci.edu/spaces/MASTDOCS/pages/113771439/API+Curl+Download,MAST Document,scraped_docs/spaces/MASTDOCS/pages/113771439/API_Curl_Download.md,11
https://outerspace.stsci.edu/spaces/MASTDOCS/pages/150113030/API+for+JWST+Metadata,MAST Document,scraped_docs/spaces/MASTDOCS/pages/150113030/API_for_JWST_Metadata.md,19
https://outerspace.stsci.edu/spaces/MASTDOCS/pages/150113031/API+for+JWST+Science+Pixels,MAST Document,scraped_docs/spaces/MASTDOCS/pages/150113031/API_for_JWST_Science_Pixels.md,9
https://outerspace.stsci.edu/spaces/MASTDOCS/pages/150113032/Basics+of+an+API,MAST Document,scraped_docs/spaces/MASTDOCS/pages/150113032/Basics_of_an_API.md,17
https://outerspace.stsci.edu/spaces/MASTDOCS/pages/217350273/Regular+Expressions,MAST Document,scraped_docs/spaces/MASTDOCS/pages/217350273/Regular_Expressions.md,11
https://outerspace.stsci.edu/spaces/MASTDOCS/pages/127765652/HST+Search+Components,MAST Document,scraped_docs/spaces/MASTDOCS/pages/127765652/HST_Search_Components.md,17
https://outerspace.stsci.edu/spaces/MASTDOCS/pages/131862458/CLASSY+Search+Components,MAST Document,scraped_docs/spaces/MASTDOCS/pages/131862458/CLASSY_Search_Components.md,23
https://outerspace.stsci.edu/spaces/MASTDOCS/pages/158174811/ULLYSES+Search+Components,MAST Document,scraped_docs/spaces/MASTDOCS/pages/158174811/ULLYSES_Search_Components.md,15
https://outerspace.stsci.edu/spaces/MASTDOCS/pages/217350619/Core+Search+Parameters,MAST Document,scraped_docs/spaces/MASTDOCS/pages/217350619/Core_Search_Parameters.md,9
https://outerspace.stsci.edu/spaces/MASTDOCS/pages/217350629/JWST+Search+Components,MAST Document,scraped_docs/spaces/MASTDOCS/pages/217350629/JWST_Search_Components.md,21
https://outerspace.stsci.edu/spaces/MASTDOCS/pages/183797543/JWebbinar,MAST Document,scraped_docs/spaces/MASTDOCS/pages/183797543/JWebbinar.md,4
https://outerspace.stsci.edu/spaces/MASTDOCS/pages/183797544/TIKE,MAST Document,scraped_docs/spaces/MASTDOCS/pages/183797544/TIKE.md,5
