url,title,filename
https://outerspace.stsci.edu/spaces/MASTDOCS/overview ,MAST User Documentation - MAST Docs - STScI Outerspace - MAST Docs - MAST,index.md
https://outerspace.stsci.edu/aboutconfluencepage.action,About Atlassian Confluence - STScI Outerspace,https___outerspace.stsci.edu_aboutconfluencepage.action.md
https://outerspace.stsci.edu/category/md,MAST Data - MAST,https___outerspace.stsci.edu_category_md.md
https://outerspace.stsci.edu/category/ug,User Guides - MAST,https___outerspace.stsci.edu_category_ug.md
https://outerspace.stsci.edu/configurerssfeed.action,RSS Feed Builder - STScI Outerspace,https___outerspace.stsci.edu_configurerssfeed.action.md
https://outerspace.stsci.edu/category/mm,Mission Manuals - MAST,https___outerspace.stsci.edu_category_mm.md
https://outerspace.stsci.edu/site/mast,Site Home - MAST,https___outerspace.stsci.edu_site_mast.md
https://outerspace.stsci.edu/category/ltsf,Data Search - MAST,https___outerspace.stsci.edu_category_ltsf.md
https://outerspace.stsci.edu/pages/reorderpages.action?key=MASTDOCS,Browse Pages - MAST Docs - MAST,https___outerspace.stsci.edu_pages_reorderpages.action_key_MASTDOCS.md
https://outerspace.stsci.edu/spacedirectory/view.action,Space Directory - STScI Outerspace,https___outerspace.stsci.edu_spacedirectory_view.action.md
https://outerspace.stsci.edu/documentManagement/onboarding.action?spacekey=%24helper.spaceKey,MyST SSO Portal,https___outerspace.stsci.edu_documentManagement_onboarding.action_spacekey__24helper.spaceKey.md
https://outerspace.stsci.edu/calendar/mycalendar.action,MyST SSO Portal,https___outerspace.stsci.edu_calendar_mycalendar.action.md
https://outerspace.stsci.edu/plugins/forums/config/space/spaceForumList.action?key=MASTDOCS,MyST SSO Portal,https___outerspace.stsci.edu_plugins_forums_config_space_spaceForumList.action_key_MASTDOCS.md
https://outerspace.stsci.edu/browsepeople.action,MyST SSO Portal,https___outerspace.stsci.edu_browsepeople.action.md
https://outerspace.stsci.edu/login.action?os_destination=%2Fspaces%2FMASTDOCS%2Foverview,MyST SSO Portal,https___outerspace.stsci.edu_login.action_os_destination__2Fspaces_2FMASTDOCS_2Foverview.md
https://outerspace.stsci.edu/plugins/confanalytics/analytics.action,MyST SSO Portal,https___outerspace.stsci.edu_plugins_confanalytics_analytics.action.md
https://outerspace.stsci.edu/plugins/servlet/bitvoodoo/global-analytics-reports,MyST SSO Portal,https___outerspace.stsci.edu_plugins_servlet_bitvoodoo_global-analytics-reports.md
https://outerspace.stsci.edu/documentManagement/onboarding.action,MyST SSO Portal,https___outerspace.stsci.edu_documentManagement_onboarding.action.md
https://outerspace.stsci.edu/collector/pages.action?key=MASTDOCS,Pages - MAST Docs - MAST,https___outerspace.stsci.edu_collector_pages.action_key_MASTDOCS.md
https://outerspace.stsci.edu/display/MASTDOCS,MAST User Documentation - MAST Docs - STScI Outerspace - MAST Docs - MAST,https___outerspace.stsci.edu_display_MASTDOCS.md
https://outerspace.stsci.edu/spaces/MASTDOCS/overview,MAST User Documentation - MAST Docs - STScI Outerspace - MAST Docs - MAST,https___outerspace.stsci.edu_spaces_MASTDOCS_overview.md
https://outerspace.stsci.edu/spaces/MASTDOCS/pages/232358851/FAQ,FAQ - MAST Docs - STScI Outerspace - MAST Docs - MAST,https___outerspace.stsci.edu_spaces_MASTDOCS_pages_232358851_FAQ.md
https://outerspace.stsci.edu/spaces/MASTDOCS/pages/183797522/Cloud+Services+Manual,Cloud Services Manual - MAST Docs - STScI Outerspace - MAST Docs - MAST,https___outerspace.stsci.edu_spaces_MASTDOCS_pages_183797522_Cloud_Services_Manual.md
https://outerspace.stsci.edu/spaces/MASTDOCS/pages/113771318/JWST+Archive+Manual,JWST Archive Manual - MAST Docs - STScI Outerspace - MAST Docs - MAST,https___outerspace.stsci.edu_spaces_MASTDOCS_pages_113771318_JWST_Archive_Manual.md
https://outerspace.stsci.edu/pages/viewrecentblogposts.action?key=MASTDOCS,Blog - MAST Docs - MAST,https___outerspace.stsci.edu_pages_viewrecentblogposts.action_key_MASTDOCS.md
https://outerspace.stsci.edu/spaces/MASTDOCS/pages/104958260/Mission+Search+Guide,Mission Search Guide - MAST Docs - STScI Outerspace - MAST Docs - MAST,https___outerspace.stsci.edu_spaces_MASTDOCS_pages_104958260_Mission_Search_Guide.md
https://outerspace.stsci.edu/spaces/MASTDOCS/pages/282168331/CaSSI+Manual,CaSSI Manual - MAST Docs - STScI Outerspace - MAST Docs - MAST,https___outerspace.stsci.edu_spaces_MASTDOCS_pages_282168331_CaSSI_Manual.md
https://outerspace.stsci.edu/spaces/MASTDOCS/pages/94962885/Searching,Searching - MAST Docs - STScI Outerspace - MAST Docs - MAST,https___outerspace.stsci.edu_spaces_MASTDOCS_pages_94962885_Searching.md
https://outerspace.stsci.edu/spaces/MASTDOCS/pages/298813886/Searching+for+Named+Sources,Searching for Named Sources - MAST Docs - STScI Outerspace - MAST Docs - MAST,https___outerspace.stsci.edu_spaces_MASTDOCS_pages_298813886_Searching_for_Named_Sources.md
https://outerspace.stsci.edu/spaces/MASTDOCS/pages/286852358/MAST+Pro+Tips,MAST Pro Tips - MAST Docs - STScI Outerspace - MAST Docs - MAST,https___outerspace.stsci.edu_spaces_MASTDOCS_pages_286852358_MAST_Pro_Tips.md
https://outerspace.stsci.edu/spaces/MASTDOCS/pages/94962826/Introduction+to+the+Portal,Introduction to the Portal - MAST Docs - STScI Outerspace - MAST Docs - MAST,https___outerspace.stsci.edu_spaces_MASTDOCS_pages_94962826_Introduction_to_the_Portal.md
https://outerspace.stsci.edu/spaces/MASTDOCS/pages/113771319/Quick+Start+Guide,Quick Start Guide - MAST Docs - STScI Outerspace - MAST Docs - MAST,https___outerspace.stsci.edu_spaces_MASTDOCS_pages_113771319_Quick_Start_Guide.md
https://outerspace.stsci.edu/spaces/MASTDOCS/pages/113771321/Field+Guide+to+JWST+Data,Field Guide to JWST Data - MAST Docs - STScI Outerspace - MAST Docs - MAST,https___outerspace.stsci.edu_spaces_MASTDOCS_pages_113771321_Field_Guide_to_JWST_Data.md
https://outerspace.stsci.edu/spaces/MASTDOCS/pages/286852359/Finding+Solar+System+Bodies+in+MAST,Finding Solar System Bodies in MAST - MAST Docs - STScI Outerspace - MAST Docs - MAST,https___outerspace.stsci.edu_spaces_MASTDOCS_pages_286852359_Finding_Solar_System_Bodies_in_MAST.md
https://outerspace.stsci.edu/spaces/MASTDOCS/pages/150113039/Jdaviz+Guide,Jdaviz Guide - MAST Docs - STScI Outerspace - MAST Docs - MAST,https___outerspace.stsci.edu_spaces_MASTDOCS_pages_150113039_Jdaviz_Guide.md
https://outerspace.stsci.edu/spaces/MASTDOCS/pages/286852365/High+PM+Stars+in+MAST,High PM Stars in MAST - MAST Docs - STScI Outerspace - MAST Docs - MAST,https___outerspace.stsci.edu_spaces_MASTDOCS_pages_286852365_High_PM_Stars_in_MAST.md
https://outerspace.stsci.edu/spaces/MASTDOCS/pages/158172245/HST+Classic+Migration+Manual,HST Classic Migration Manual - MAST Docs - STScI Outerspace - MAST Docs - MAST,https___outerspace.stsci.edu_spaces_MASTDOCS_pages_158172245_HST_Classic_Migration_Manual.md
https://outerspace.stsci.edu/spaces/MASTDOCS/pages/136481910/MAST+Accounts,MAST Accounts - MAST Docs - STScI Outerspace - MAST Docs - MAST,https___outerspace.stsci.edu_spaces_MASTDOCS_pages_136481910_MAST_Accounts.md
https://outerspace.stsci.edu/spaces/MASTDOCS/pages/102531200/Acronym+List,Acronym List - MAST Docs - STScI Outerspace - MAST Docs - MAST,https___outerspace.stsci.edu_spaces_MASTDOCS_pages_102531200_Acronym_List.md
https://outerspace.stsci.edu/spaces/MASTDOCS/pages/94962825/Portal+Guide,Portal Guide - MAST Docs - STScI Outerspace - MAST Docs - MAST,https___outerspace.stsci.edu_spaces_MASTDOCS_pages_94962825_Portal_Guide.md
https://outerspace.stsci.edu/spaces/MASTDOCS/pages/94962939/Browsing+Data,Browsing Data - MAST Docs - STScI Outerspace - MAST Docs - MAST,https___outerspace.stsci.edu_spaces_MASTDOCS_pages_94962939_Browsing_Data.md
https://outerspace.stsci.edu/spaces/viewspacesummary.action?key=MASTDOCS,Space Details - MAST Docs - MAST,https___outerspace.stsci.edu_spaces_viewspacesummary.action_key_MASTDOCS.md
https://outerspace.stsci.edu/spaces/excellentable/spaceSettings.action?key=MASTDOCS,MyST SSO Portal,https___outerspace.stsci.edu_spaces_excellentable_spaceSettings.action_key_MASTDOCS.md
https://outerspace.stsci.edu/spaces/MASTDOCS/pages/97290399/HLSP+Contributor+Guide,HLSP Contributor Guide - MAST Docs - STScI Outerspace - MAST Docs - MAST,https___outerspace.stsci.edu_spaces_MASTDOCS_pages_97290399_HLSP_Contributor_Guide.md
https://outerspace.stsci.edu/spaces/MASTDOCS/pages/94963058/Archive+Support,Archive Support - MAST Docs - STScI Outerspace - MAST Docs - MAST,https___outerspace.stsci.edu_spaces_MASTDOCS_pages_94963058_Archive_Support.md
https://outerspace.stsci.edu/spaces/MASTDOCS/pages/94963010/Retrieving+Data,Retrieving Data - MAST Docs - STScI Outerspace - MAST Docs - MAST,https___outerspace.stsci.edu_spaces_MASTDOCS_pages_94963010_Retrieving_Data.md
https://outerspace.stsci.edu/spaces/TESS/pages/14562808/TESS+Archive+Manual,TESS Archive Manual - TESS Archive Documentation Center - MAST,https___outerspace.stsci.edu_spaces_TESS_pages_14562808_TESS_Archive_Manual.md
https://outerspace.stsci.edu/spaces/MASTDOCS/pages/94963057/Demos+and+Tutorials,Demos and Tutorials - MAST Docs - STScI Outerspace - MAST Docs - MAST,https___outerspace.stsci.edu_spaces_MASTDOCS_pages_94963057_Demos_and_Tutorials.md
https://outerspace.stsci.edu/spaces/MASTDOCS/pages/94963055/Tips+and+Notes,Tips and Notes - MAST Docs - STScI Outerspace - MAST Docs - MAST,https___outerspace.stsci.edu_spaces_MASTDOCS_pages_94963055_Tips_and_Notes.md
https://outerspace.stsci.edu/spaces/SPEARFIMS/pages/183798103/FIMS-SPEAR+Manual,FIMS-SPEAR Manual - FIMS-SPEAR Documentation - MAST,https___outerspace.stsci.edu_spaces_SPEARFIMS_pages_183798103_FIMS-SPEAR_Manual.md
